Province,Municipality
1,1
1,2
1,3
1,4
1,5
1,6
1,7
1,8
1,9
1,10
1,11
1,12
1,13
1,14
1,15
1,16
1,17
1,18
1,19
1,20
1,21
1,22
1,23
2,24
2,25
2,26
2,7
2,27
2,28
2,29
2,30
2,31
2,32
2,33
2,34
2,35
2,36
2,37
2,38
2,39
2,40
2,41
2,42
2,43
2,44
2,45
2,46
2,47
2,48
2,49
2,50
2,51
2,52
2,53
2,54
2,55
2,56
3,57
3,58
3,59
3,60
3,61
3,62
3,63
3,7
3,64
3,65
3,66
3,67
3,68
3,69
3,70
3,42
3,71
3,72
3,73
3,74
4,75
4,76
4,77
4,78
4,79
4,80
4,81
4,82
4,83
4,84
4,85
4,86
4,87
4,88
4,89
4,7
4,90
4,91
4,92
4,93
4,94
4,95
4,96
4,97
4,98
4,99
4,100
4,101
4,102
4,103
4,104
4,105
4,106
4,107
4,108
4,109
4,20
4,110
4,111
4,48
4,71
4,112
4,113
4,114
4,115
4,116
4,117
4,118
5,119
5,120
5,121
5,122
5,123
5,124
6,125
6,78
6,126
6,127
6,128
6,129
6,130
6,131
6,132
6,133
6,134
6,135
6,136
6,137
6,138
6,139
6,140
6,141
6,142
6,143
6,144
6,145
6,146
6,147
6,148
6,149
6,150
6,151
6,152
7,153
7,154
7,155
7,156
7,7
7,157
7,158
7,159
7,160
7,161
7,162
7,163
7,164
7,165
7,166
7,167
7,65
7,168
7,169
7,66
7,170
7,171
7,37
7,172
7,173
7,174
7,175
7,176
7,177
7,109
7,178
7,179
7,180
7,48
7,49
7,71
7,181
8,182
8,183
8,184
8,185
8,186
8,187
8,188
8,189
8,190
8,191
8,192
8,171
8,193
8,194
8,195
9,196
9,197
9,198
9,199
9,200
9,201
10,202
10,203
10,204
10,205
10,206
10,207
10,208
10,209
11,210
11,211
11,212
11,213
11,214
11,215
11,216
11,217
11,218
11,219
11,220
11,221
12,222
12,223
12,224
12,225
12,226
12,227
12,228
12,229
12,230
12,231
12,232
12,233
12,234
12,235
12,236
12,237
12,238
12,239
12,240
12,41
12,241
12,242
12,243
12,48
13,244
13,245
13,246
13,247
13,248
13,249
13,250
13,251
13,252
13,253
13,254
13,255
13,256
13,257
13,258
13,259
13,260
13,261
13,262
13,263
13,264
13,171
13,144
13,265
13,177
13,266
13,267
13,268
13,50
13,269
13,270
13,271
14,272
14,273
14,274
14,275
14,276
14,277
14,278
14,279
14,280
14,281
14,282
14,283
14,284
14,285
14,286
14,69
14,209
14,287
14,146
14,288
14,71
14,289
15,290
15,291
15,292
15,293
15,294
15,295
15,296
15,297
15,298
15,299
15,300
15,301
15,302
15,266
15,109
15,303
15,304
15,305
16,306
16,307
16,308
16,309
16,310
16,311
16,312
16,313
16,265
16,314
16,315
16,316
16,46
16,317
17,318
17,319
17,320
17,321
17,322
17,323
17,324
17,325
17,326
17,327
17,328
17,329
17,330
17,331
17,332
17,50
17,333
17,334
18,335
18,336
18,337
18,338
18,339
18,340
18,341
18,342
18,43
18,343
18,344
18,345
19,346
19,347
19,348
19,349
19,350
19,351
19,352
19,353
19,354
19,355
19,356
19,357
19,358
19,359
19,360
19,361
19,362
19,363
19,364
19,365
19,366
19,367
19,368
19,369
19,370
19,141
19,371
19,372
19,373
19,374
19,375
19,69
19,266
19,376
19,377
19,378
19,379
20,380
20,381
20,348
20,382
20,383
20,384
20,385
20,386
20,242
20,387
20,388
21,389
21,390
21,391
21,392
21,393
21,394
21,134
21,395
21,396
21,397
21,398
21,399
21,400
21,401
21,402
21,403
21,404
21,69
21,108
21,405
21,406
22,407
22,408
22,409
22,203
22,410
22,411
22,412
22,413
22,414
22,415
22,416
22,220
22,417
22,418
22,419
23,420
23,421
23,422
23,423
23,424
23,425
23,426
23,427
23,428
23,429
23,430
23,431
23,327
23,432
23,433
23,434
23,435
24,436
24,437
24,438
24,439
24,440
24,441
24,442
24,443
24,444
24,384
24,445
24,446
24,447
24,448
24,449
24,450
24,451
24,452
25,453
25,454
25,455
25,456
25,457
25,458
25,459
25,460
25,461
25,462
25,220
25,463
25,464
25,174
25,465
25,466
25,467
26,468
26,469
26,470
26,471
26,472
27,473
27,474
27,475
27,476
27,477
27,478
27,479
27,480
27,481
27,482
27,158
27,483
27,484
27,294
27,485
27,486
27,487
27,488
27,489
27,490
27,491
27,492
27,493
27,494
27,495
27,496
27,497
27,498
27,499
27,500
27,501
27,502
27,503
27,504
27,505
27,506
27,507
27,242
27,243
27,111
27,508
27,509
27,510
27,511
28,512
28,513
28,514
28,515
28,516
28,517
28,159
28,518
28,519
28,520
28,521
28,522
28,523
28,524
28,525
28,526
28,527
28,528
28,529
28,530
28,463
28,531
28,532
28,533
28,106
28,506
28,534
28,535
28,344
28,536
28,537
28,538
29,539
29,153
29,79
29,540
29,541
29,542
29,392
29,543
29,544
29,468
29,545
29,546
29,547
29,548
29,549
29,550
29,551
29,552
29,553
29,554
29,555
29,556
29,557
29,558
29,559
29,560
29,561
29,562
29,563
29,564
29,565
29,97
29,566
29,567
29,220
29,568
29,569
29,177
29,242
29,570
29,571
29,572
29,573
29,574
29,575
29,576
29,577
29,578
30,579
30,580
30,581
30,582
30,583
30,584
30,585
30,586
30,587
30,588
30,589
30,590
30,591
30,592
30,547
30,593
30,594
30,595
30,596
30,597
30,598
30,599
30,553
30,600
30,601
30,602
30,603
30,604
30,605
30,606
30,607
30,608
30,609
30,369
30,610
30,220
30,611
30,612
30,613
30,614
30,69
30,615
30,447
30,193
30,616
30,617
30,618
30,619
30,620
30,344
30,621
30,622
30,623
31,624
31,625
31,626
31,627
31,628
31,629
31,630
31,631
31,632
31,633
31,634
31,635
31,636
31,637
31,638
31,141
31,266
31,45
31,639
31,640
31,641
31,642
31,578
31,643
31,644
32,645
32,646
32,647
32,648
32,42
32,649
33,650
33,651
33,652
33,653
33,654
33,655
33,656
33,657
34,658
34,659
34,660
34,661
34,662
34,663
34,664
34,665
34,666
34,667
34,668
34,669
34,670
34,671
34,672
34,340
34,673
34,674
34,38
34,675
34,676
34,677
34,678
35,679
35,680
35,681
35,682
35,683
35,348
35,684
35,685
35,686
35,687
35,688
35,689
35,690
35,691
35,692
35,693
35,694
35,695
35,696
35,697
35,698
35,296
35,699
35,700
35,701
35,702
35,703
35,704
35,705
35,706
35,707
35,708
35,709
35,177
35,242
35,193
35,710
35,711
35,712
35,713
35,714
35,715
35,716
36,717
36,718
36,719
36,720
36,721
36,722
36,723
36,724
36,725
36,726
36,727
36,728
36,729
36,730
36,731
36,732
36,68
36,265
36,177
36,266
36,733
36,43
36,734
36,305
37,735
37,736
37,737
37,738
37,739
37,740
37,741
37,742
37,743
37,744
37,745
37,746
37,747
37,748
37,749
37,750
37,751
37,752
37,753
37,288
37,149
37,754
37,755
37,756
37,757
37,758
38,759
38,760
38,761
38,762
38,763
38,603
38,764
38,497
38,765
38,766
38,767
38,768
38,769
38,615
38,42
38,770
38,771
38,618
38,772
39,773
39,774
39,775
39,776
39,777
39,778
39,779
39,780
39,636
39,781
39,782
39,783
39,784
39,785
39,786
39,787
39,144
39,174
39,788
39,789
39,790
39,791
39,792
39,793
39,794
39,795
39,796
40,155
40,797
40,798
40,799
40,800
40,801
40,802
40,803
40,804
40,805
40,806
40,807
40,808
40,809
40,810
40,811
40,812
40,813
40,814
40,242
40,180
40,815
40,816
40,817
40,818
40,819
40,820
40,821
41,153
41,822
41,823
41,824
41,825
41,826
41,827
41,828
41,369
41,829
41,830
41,831
41,832
41,833
41,834
41,835
42,836
42,837
42,838
42,839
42,840
42,841
42,842
42,843
42,844
42,845
42,846
42,847
42,848
42,766
42,849
42,850
42,851
42,171
42,69
42,852
42,853
42,578
43,721
43,854
43,855
43,856
43,532
44,512
44,857
44,858
44,859
44,860
44,861
44,862
44,863
44,864
44,865
44,866
44,867
44,868
44,869
44,870
44,871
44,872
44,873
44,874
44,875
44,876
44,877
44,878
45,879
45,880
45,881
45,882
45,549
45,294
45,883
45,884
45,885
45,886
45,887
45,888
45,239
45,889
45,890
45,891
45,623
46,892
46,893
46,894
46,895
46,896
46,134
46,897
46,898
46,899
46,900
46,901
46,902
46,903
46,904
46,444
46,905
46,865
46,906
46,907
46,908
46,909
46,910
46,911
46,876
46,912
46,913
47,595
47,914
47,97
47,915
47,916
47,917
47,918
47,919
47,920
47,921
47,922
48,923
48,924
48,547
48,925
48,926
48,927
48,221
48,177
48,71
48,928
48,929
49,930
49,931
49,932
49,231
49,933
49,865
49,934
49,935
49,936
49,46
49,937
50,938
50,939
50,940
50,48
50,941
51,942
51,943
51,944
51,945
51,946
51,947
51,948
51,949
51,950
51,177
51,951
52,952
52,953
52,954
52,955
52,956
52,547
52,957
52,958
52,959
52,960
52,961
52,962
52,963
52,964
52,965
52,966
52,464
52,967
53,968
53,969
53,970
53,971
53,972
53,973
53,974
54,422
54,975
54,976
54,977
54,978
54,979
54,149
54,980
54,981
54,982
54,983
54,984
55,985
55,986
55,396
55,987
55,988
55,989
55,990
55,991
55,992
55,993
55,994
55,995
56,468
56,996
56,997
56,547
56,998
56,999
56,1000
56,415
56,1001
56,1002
56,49
56,1003
57,1004
57,1005
57,396
57,296
57,1006
57,1007
57,68
57,615
57,209
57,1008
57,1009
57,1010
57,1011
57,1012
58,1013
58,1014
58,1015
58,1016
58,1006
58,266
58,1017
59,581
59,1018
59,7
59,1019
59,1020
59,1021
59,1022
59,1023
59,1024
59,1025
59,220
59,404
59,1026
59,615
59,177
59,1027
59,112
59,1028
59,1029
59,1030
59,878
60,1031
60,1032
60,1033
60,1034
60,1035
60,547
60,1036
60,551
60,1037
60,1038
60,1039
60,1040
60,1041
60,1042
60,175
60,242
60,1043
60,1044
60,1045
61,1046
61,1047
61,1048
61,421
61,1049
61,1050
61,1051
61,1052
61,1053
61,1054
61,1055
61,495
61,1056
61,1057
61,1058
61,97
61,1059
61,1060
61,1061
61,1062
61,68
61,266
61,42
61,209
61,20
61,405
61,148
61,71
61,1063
61,344
61,713
61,1064
61,1065
61,1066
62,1067
62,1068
62,1069
62,1070
62,1071
62,1072
62,1073
62,1074
62,1075
62,1076
62,1077
62,1078
62,415
62,1079
62,1080
62,1081
62,1082
62,68
62,1083
62,1084
62,1085
62,1086
62,1087
63,77
63,1088
63,1089
63,1090
63,882
63,1091
63,1092
63,1093
63,1094
63,1095
63,1096
63,1097
63,1098
63,1099
63,1100
63,1101
63,1102
63,1103
63,1104
63,1105
63,1106
63,1107
63,144
63,180
63,1108
63,46
63,48
63,268
63,1109
63,305
64,1110
64,1111
64,1112
64,468
64,1113
64,1114
64,308
64,1115
64,663
64,1022
64,1116
64,1117
64,1118
64,93
64,1119
64,1120
64,1121
64,1122
64,1123
64,1124
64,1125
64,767
64,1126
64,1127
64,1128
64,1129
64,813
64,239
64,1130
64,171
64,1131
64,1132
64,386
64,265
64,615
64,316
64,1133
64,1134
64,1135
64,1136
64,1137
65,1138
65,1139
65,381
65,1140
65,1141
65,1142
65,1143
65,217
65,1144
65,1145
65,179
65,1146
65,1147
65,1148
66,1149
66,1150
66,1151
66,1152
66,524
66,1153
66,1154
66,1155
66,1156
66,1157
66,1158
66,622
66,1159
67,1160
67,1161
67,1162
67,1163
67,1164
67,1165
67,1166
67,1167
67,1168
67,1169
67,1170
67,1171
67,1172
67,860
67,1173
67,1174
67,1175
67,1176
67,1177
67,1178
67,1179
67,1180
67,1181
67,1182
67,1183
67,1184
67,1185
67,1186
67,1187
67,1188
67,1189
67,1190
67,1191
67,1192
67,1193
67,1194
67,1195
67,1196
67,1197
67,1198
68,1199
68,1200
68,1201
68,1202
68,1203
68,1204
68,1205
68,1206
68,1207
68,1208
68,1209
68,1210
68,1211
68,1212
68,1213
68,1214
68,1215
68,1216
68,1217
68,1218
68,1219
68,1220
68,1221
68,1222
68,1223
68,1224
68,1225
68,1226
68,1227
68,1228
68,1229
68,1230
68,1231
68,1232
68,1233
68,1234
68,1235
69,1236
69,1237
69,1238
69,1239
69,1240
69,1241
69,1242
69,1243
69,1244
69,1245
69,1246
69,1247
69,1248
69,1225
69,1249
69,1250
69,1251
69,1252
69,1253
70,1254
70,1255
70,1256
70,1257
70,1258
70,1259
70,1260
70,1261
70,1262
70,1263
70,1264
71,1265
71,1266
71,1267
71,1268
71,1269
71,1270
71,663
71,296
71,1271
71,1272
71,1273
71,1274
71,1275
71,1276
71,1277
71,1278
71,1279
71,1280
71,220
71,1281
71,177
71,42
71,110
71,1282
71,1283
71,1284
71,1285
72,1286
72,1287
72,1288
72,1289
72,65
72,1290
72,1291
73,1292
73,1293
73,1294
73,1295
73,1296
73,1297
73,1298
73,1299
73,1300
73,1301
73,1302
73,1303
73,1304
73,1305
74,1306
74,1307
74,1308
74,1309
74,1310
74,1311
74,1312
74,1313
74,1314
74,1315
74,1316
75,1317
75,1318
75,1319
75,1320
75,144
75,1321
75,1322
75,1323
76,1324
76,1325
76,1326
76,760
76,1327
76,1328
76,1329
76,1330
76,1331
76,1332
77,1333
77,468
77,1334
77,1335
77,46
77,1336
78,1337
78,1338
78,1339
78,1340
78,865
78,1341
78,1342
78,144
78,1343
78,266
78,46
79,1344
79,1345
79,1346
79,1347
79,1348
79,1349
79,1350
79,1351
79,1352
79,1353
79,1354
79,174
79,1355
79,1028
79,305
80,1356
80,1357
80,1358
80,1359
80,1360
80,1361
80,1362
80,1363
80,1364
80,1365
80,1366
80,1367
80,1368
80,1094
80,1369
80,865
80,1370
80,1371
80,171
80,144
80,174
80,43
80,1372
80,1147
81,579
81,1373
81,1374
81,516
81,294
81,1375
81,1376
81,1339
81,1377
81,1378
81,1379
81,175
81,386
81,69
81,266
81,193
81,48
82,1380
82,1381
82,1382
82,1383
82,1384
82,1385
82,1386
82,1387
82,1388
82,1389
82,1390
82,1391
82,1392
82,1393
82,42
82,1394
82,1395
